{
    "name": "root",
    "gauges": {
        "AIDriver.Policy.Entropy.mean": {
            "value": 1.9347174167633057,
            "min": 1.9039329290390015,
            "max": 2.1270601749420166,
            "count": 200
        },
        "AIDriver.Policy.Entropy.sum": {
            "value": 19811.505859375,
            "min": 18277.755859375,
            "max": 21781.095703125,
            "count": 200
        },
        "AIDriver.Step.mean": {
            "value": 1999994.0,
            "min": 9984.0,
            "max": 1999994.0,
            "count": 200
        },
        "AIDriver.Step.sum": {
            "value": 1999994.0,
            "min": 9984.0,
            "max": 1999994.0,
            "count": 200
        },
        "AIDriver.Policy.ExtrinsicValueEstimate.mean": {
            "value": 0.2610018849372864,
            "min": -119.75428009033203,
            "max": 37.272972106933594,
            "count": 200
        },
        "AIDriver.Policy.ExtrinsicValueEstimate.sum": {
            "value": 40.977294921875,
            "min": -18731.623046875,
            "max": 5951.51171875,
            "count": 200
        },
        "AIDriver.IsTraining.mean": {
            "value": 1.0,
            "min": 1.0,
            "max": 1.0,
            "count": 200
        },
        "AIDriver.IsTraining.sum": {
            "value": 1.0,
            "min": 1.0,
            "max": 1.0,
            "count": 200
        },
        "AIDriver.Losses.PolicyLoss.mean": {
            "value": 0.022580906314154468,
            "min": 0.016090493981027975,
            "max": 0.033266804331409126,
            "count": 185
        },
        "AIDriver.Losses.PolicyLoss.sum": {
            "value": 0.022580906314154468,
            "min": 0.016090493981027975,
            "max": 0.033266804331409126,
            "count": 185
        },
        "AIDriver.Losses.ValueLoss.mean": {
            "value": 18.91105038324992,
            "min": 1.7533585667610168,
            "max": 483.45909729003904,
            "count": 185
        },
        "AIDriver.Losses.ValueLoss.sum": {
            "value": 18.91105038324992,
            "min": 1.7533585667610168,
            "max": 483.45909729003904,
            "count": 185
        },
        "AIDriver.Policy.LearningRate.mean": {
            "value": 2.985999004999904e-07,
            "min": 2.985999004999904e-07,
            "max": 0.00029836800054399993,
            "count": 185
        },
        "AIDriver.Policy.LearningRate.sum": {
            "value": 2.985999004999904e-07,
            "min": 2.985999004999904e-07,
            "max": 0.00029836800054399993,
            "count": 185
        },
        "AIDriver.Policy.Epsilon.mean": {
            "value": 0.10009949999999997,
            "min": 0.10009949999999997,
            "max": 0.19945599999999994,
            "count": 185
        },
        "AIDriver.Policy.Epsilon.sum": {
            "value": 0.10009949999999997,
            "min": 0.10009949999999997,
            "max": 0.19945599999999994,
            "count": 185
        },
        "AIDriver.Policy.Beta.mean": {
            "value": 1.4965049999999839e-05,
            "min": 1.4965049999999839e-05,
            "max": 0.004972854400000001,
            "count": 185
        },
        "AIDriver.Policy.Beta.sum": {
            "value": 1.4965049999999839e-05,
            "min": 1.4965049999999839e-05,
            "max": 0.004972854400000001,
            "count": 185
        },
        "AIDriver.Environment.EpisodeLength.mean": {
            "value": 3999.0,
            "min": 3998.0,
            "max": 3999.0,
            "count": 46
        },
        "AIDriver.Environment.EpisodeLength.sum": {
            "value": 39990.0,
            "min": 39980.0,
            "max": 39990.0,
            "count": 46
        },
        "AIDriver.Environment.CumulativeReward.mean": {
            "value": -240.78275331109762,
            "min": -8364.665733993053,
            "max": 2074.998355270177,
            "count": 60
        },
        "AIDriver.Environment.CumulativeReward.sum": {
            "value": -2407.827533110976,
            "min": -38886.257199287415,
            "max": 20749.98355270177,
            "count": 60
        },
        "AIDriver.Policy.ExtrinsicReward.mean": {
            "value": -240.78275331109762,
            "min": -8364.665733993053,
            "max": 2074.998355270177,
            "count": 60
        },
        "AIDriver.Policy.ExtrinsicReward.sum": {
            "value": -2407.827533110976,
            "min": -38886.257199287415,
            "max": 20749.98355270177,
            "count": 60
        }
    },
    "metadata": {
        "timer_format_version": "0.1.0",
        "start_time_seconds": "1775171301",
        "python_version": "3.10.12 | packaged by Anaconda, Inc. | (main, Jul  5 2023, 19:01:18) [MSC v.1916 64 bit (AMD64)]",
        "command_line_arguments": "C:\\Users\\John Marble\\.conda\\envs\\mlagents\\Scripts\\mlagents-learn config/CarRacingConfig.yaml --run-id=CarRacing_v1 --torch-device cuda --force",
        "mlagents_version": "1.1.0",
        "mlagents_envs_version": "1.1.0",
        "communication_protocol_version": "1.5.0",
        "pytorch_version": "2.2.2+cu121",
        "numpy_version": "1.23.5",
        "end_time_seconds": "1775175489"
    },
    "total": 4187.153431799998,
    "count": 1,
    "self": 0.01175090000469936,
    "children": {
        "run_training.setup": {
            "total": 0.11114049999741837,
            "count": 1,
            "self": 0.11114049999741837
        },
        "TrainerController.start_learning": {
            "total": 4187.0305403999955,
            "count": 1,
            "self": 4.962456799228676,
            "children": {
                "TrainerController._reset_env": {
                    "total": 6.7664936000001035,
                    "count": 1,
                    "self": 6.7664936000001035
                },
                "TrainerController.advance": {
                    "total": 4175.173729100767,
                    "count": 200170,
                    "self": 5.148727502113616,
                    "children": {
                        "env_step": {
                            "total": 3420.9964270985365,
                            "count": 200170,
                            "self": 1955.8934013975304,
                            "children": {
                                "SubprocessEnvManager._take_step": {
                                    "total": 1461.783071800608,
                                    "count": 200178,
                                    "self": 16.69908320208924,
                                    "children": {
                                        "TorchPolicy.evaluate": {
                                            "total": 1445.0839885985188,
                                            "count": 200178,
                                            "self": 1445.0839885985188
                                        }
                                    }
                                },
                                "workers": {
                                    "total": 3.3199539003981045,
                                    "count": 200170,
                                    "self": 0.0,
                                    "children": {
                                        "worker_root": {
                                            "total": 4049.4308600987424,
                                            "count": 200170,
                                            "is_parallel": true,
                                            "self": 2550.357843497717,
                                            "children": {
                                                "steps_from_proto": {
                                                    "total": 0.010747899999842048,
                                                    "count": 9,