{
    "name": "root",
    "gauges": {
        "AIDriver.Policy.Entropy.mean": {
            "value": 1.6947579383850098,
            "min": 1.5538063049316406,
            "max": 1.8283283710479736,
            "count": 200
        },
        "AIDriver.Policy.Entropy.sum": {
            "value": 17015.369140625,
            "min": 15590.556640625,
            "max": 18728.9609375,
            "count": 200
        },
        "AIDriver.Step.mean": {
            "value": 1999983.0,
            "min": 9990.0,
            "max": 1999983.0,
            "count": 200
        },
        "AIDriver.Step.sum": {
            "value": 1999983.0,
            "min": 9990.0,
            "max": 1999983.0,
            "count": 200
        },
        "AIDriver.Policy.ExtrinsicValueEstimate.mean": {
            "value": 29.6649112701416,
            "min": 8.967550277709961,
            "max": 30.883220672607422,
            "count": 200
        },
        "AIDriver.Policy.ExtrinsicValueEstimate.sum": {
            "value": 4746.3857421875,
            "min": 1425.8404541015625,
            "max": 4879.548828125,
            "count": 200
        },
        "AIDriver.Environment.EpisodeLength.mean": {
            "value": 2075.8333333333335,
            "min": 597.3333333333334,
            "max": 3810.0,
            "count": 200
        },
        "AIDriver.Environment.EpisodeLength.sum": {
            "value": 12455.0,
            "min": 1820.0,
            "max": 21338.0,
            "count": 200
        },
        "AIDriver.Environment.CumulativeReward.mean": {
            "value": 586.7099565764269,
            "min": -760.3662340641022,
            "max": 1152.510763978958,
            "count": 199
        },
        "AIDriver.Environment.CumulativeReward.sum": {
            "value": 3520.259739458561,
            "min": -2235.391169846058,
            "max": 6105.031660318375,
            "count": 199
        },
        "AIDriver.Policy.ExtrinsicReward.mean": {
            "value": 586.7099565764269,
            "min": -760.3662340641022,
            "max": 1152.510763978958,
            "count": 199
        },
        "AIDriver.Policy.ExtrinsicReward.sum": {
            "value": 3520.259739458561,
            "min": -2235.391169846058,
            "max": 6105.031660318375,
            "count": 199
        },
        "AIDriver.IsTraining.mean": {
            "value": 1.0,
            "min": 1.0,
            "max": 1.0,
            "count": 200
        },
        "AIDriver.IsTraining.sum": {
            "value": 1.0,
            "min": 1.0,
            "max": 1.0,
            "count": 200
        },
        "AIDriver.Losses.PolicyLoss.mean": {
            "value": 0.024404830972586448,
            "min": 0.014948303423201045,
            "max": 0.03226637658081018,
            "count": 194
        },
        "AIDriver.Losses.PolicyLoss.sum": {
            "value": 0.024404830972586448,
            "min": 0.014948303423201045,
            "max": 0.03226637658081018,
            "count": 194
        },
        "AIDriver.Losses.ValueLoss.mean": {
            "value": 18.06391366322835,
            "min": 6.395553461710612,
            "max": 34.704809252421065,
            "count": 194
        },
        "AIDriver.Losses.ValueLoss.sum": {
            "value": 18.06391366322835,
            "min": 6.395553461710612,
            "max": 34.704809252421065,
            "count": 194
        },
        "AIDriver.Policy.LearningRate.mean": {
            "value": 7.766497411499983e-07,
            "min": 7.766497411499983e-07,
            "max": 0.0002984631005123001,
            "count": 194
        },
        "AIDriver.Policy.LearningRate.sum": {
            "value": 7.766497411499983e-07,
            "min": 7.766497411499983e-07,
            "max": 0.0002984631005123001,
            "count": 194
        },
        "AIDriver.Policy.Epsilon.mean": {
            "value": 0.10025884999999998,
            "min": 0.10025884999999998,
            "max": 0.19948769999999996,
            "count": 194
        },
        "AIDriver.Policy.Epsilon.sum": {
            "value": 0.10025884999999998,
            "min": 0.10025884999999998,
            "max": 0.19948769999999996,
            "count": 194
        },
        "AIDriver.Policy.Beta.mean": {
            "value": 2.291661499999996e-05,
            "min": 2.291661499999996e-05,
            "max": 0.0049744362299999996,
            "count": 194
        },
        "AIDriver.Policy.Beta.sum": {
            "value": 2.291661499999996e-05,
            "min": 2.291661499999996e-05,
            "max": 0.0049744362299999996,
            "count": 194
        }
    },
    "metadata": {
        "timer_format_version": "0.1.0",
        "start_time_seconds": "1774278703",
        "python_version": "3.10.12 | packaged by Anaconda, Inc. | (main, Jul  5 2023, 19:01:18) [MSC v.1916 64 bit (AMD64)]",
        "command_line_arguments": "C:\\Users\\John Marble\\.conda\\envs\\mlagents\\Scripts\\mlagents-learn config/CarRacingConfig.yaml --run-id=CarRacing_v3 --initialize-from=CarRacing_v2 --torch-device cuda",
        "mlagents_version": "1.1.0",
        "mlagents_envs_version": "1.1.0",
        "communication_protocol_version": "1.5.0",
        "pytorch_version": "2.2.2+cu121",
        "numpy_version": "1.23.5",
        "end_time_seconds": "1774282875"
    },
    "total": 4171.467355999979,
    "count": 1,
    "self": 0.013855200028046966,
    "children": {
        "run_training.setup": {
            "total": 0.1695843999623321,
            "count": 1,
            "self": 0.1695843999623321
        },
        "TrainerController.start_learning": {
            "total": 4171.283916399989,
            "count": 1,
            "self": 5.188445112493355,
            "children": {
                "TrainerController._reset_env": {
                    "total": 31.352543799963314,
                    "count": 1,
                    "self": 31.352543799963314
                },
                "TrainerController.advance": {
                    "total": 4134.592793087533,
                    "count": 201158,
                    "self": 4.6009344848571345,
                    "children": {
                        "env_step": {
                            "total": 3327.385000516777,
                            "count": 201158,
                            "self": 1890.065302397008,
                            "children": {
                                "SubprocessEnvManager._take_step": {
                                    "total": 1433.893064101634,
                                    "count": 201162,
                                    "self": 16.966950189729687,
                                    "children": {
                                        "TorchPolicy.evaluate": {
                                            "total": 1416.9261139119044,
                                            "count": 200173,
                                            "self": 1416.9261139119044
                                        }
                                    }
                                },
                                "workers": {
                                    "total": 3.4266340181347914,
                                    "count": 201158,
                                    "self": 0.0,
                                    "children": {
                                        "worker_root": {
                                            "total": 4076.1927043157048,
                                            "count": 201158,
                                            "is_parallel": true,
                                            "self": 2581.5569235059666,
                                            "children": {
                                                "steps_from_proto": {
                                                    "total": 0.006146100000478327,
                                                    "count": 5,