{
    "name": "root",
    "gauges": {
        "AIDriver.Policy.Entropy.mean": {
            "value": 1.7803376913070679,
            "min": 1.684441328048706,
            "max": 1.8821649551391602,
            "count": 123
        },
        "AIDriver.Policy.Entropy.sum": {
            "value": 18230.658203125,
            "min": 16302.8701171875,
            "max": 19199.8046875,
            "count": 123
        },
        "AIDriver.Step.mean": {
            "value": 1999985.0,
            "min": 779949.0,
            "max": 1999985.0,
            "count": 123
        },
        "AIDriver.Step.sum": {
            "value": 1999985.0,
            "min": 779949.0,
            "max": 1999985.0,
            "count": 123
        },
        "AIDriver.Policy.ExtrinsicValueEstimate.mean": {
            "value": 8.247676849365234,
            "min": -231.44898986816406,
            "max": 12.598849296569824,
            "count": 123
        },
        "AIDriver.Policy.ExtrinsicValueEstimate.sum": {
            "value": 1294.88525390625,
            "min": -36337.4921875,
            "max": 1978.019287109375,
            "count": 123
        },
        "AIDriver.IsTraining.mean": {
            "value": 1.0,
            "min": 1.0,
            "max": 1.0,
            "count": 123
        },
        "AIDriver.IsTraining.sum": {
            "value": 1.0,
            "min": 1.0,
            "max": 1.0,
            "count": 123
        },
        "AIDriver.Losses.PolicyLoss.mean": {
            "value": 0.028301494368740045,
            "min": 0.013632705062627792,
            "max": 0.03074566984626775,
            "count": 113
        },
        "AIDriver.Losses.PolicyLoss.sum": {
            "value": 0.028301494368740045,
            "min": 0.013632705062627792,
            "max": 0.03074566984626775,
            "count": 113
        },
        "AIDriver.Losses.ValueLoss.mean": {
            "value": 5.714877986907959,
            "min": 4.812378708521525,
            "max": 7575.0369140625,
            "count": 113
        },
        "AIDriver.Losses.ValueLoss.sum": {
            "value": 5.714877986907959,
            "min": 4.812378708521525,
            "max": 7575.0369140625,
            "count": 113
        },
        "AIDriver.Policy.LearningRate.mean": {
            "value": 1.3079495640499883e-06,
            "min": 1.3079495640499883e-06,
            "max": 0.00018278688907105007,
            "count": 113
        },
        "AIDriver.Policy.LearningRate.sum": {
            "value": 1.3079495640499883e-06,
            "min": 1.3079495640499883e-06,
            "max": 0.00018278688907105007,
            "count": 113
        },
        "AIDriver.Policy.Epsilon.mean": {
            "value": 0.10043595000000001,
            "min": 0.10043595000000001,
            "max": 0.16092895,
            "count": 113
        },
        "AIDriver.Policy.Epsilon.sum": {
            "value": 0.10043595000000001,
            "min": 0.10043595000000001,
            "max": 0.16092895,
            "count": 113
        },
        "AIDriver.Policy.Beta.mean": {
            "value": 3.17539049999998e-05,
            "min": 3.17539049999998e-05,
            "max": 0.0030503546050000005,
            "count": 113
        },
        "AIDriver.Policy.Beta.sum": {
            "value": 3.17539049999998e-05,
            "min": 3.17539049999998e-05,
            "max": 0.0030503546050000005,
            "count": 113
        },
        "AIDriver.Environment.EpisodeLength.mean": {
            "value": 3999.0,
            "min": 3998.0,
            "max": 3999.0,
            "count": 27
        },
        "AIDriver.Environment.EpisodeLength.sum": {
            "value": 39990.0,
            "min": 39980.0,
            "max": 39990.0,
            "count": 27
        },
        "AIDriver.Environment.CumulativeReward.mean": {
            "value": -1386.986798787117,
            "min": -3688.771628829837,
            "max": 397.89973007142544,
            "count": 34
        },
        "AIDriver.Environment.CumulativeReward.sum": {
            "value": -13869.86798787117,
            "min": -36887.71628829837,
            "max": 3978.9973007142544,
            "count": 34
        },
        "AIDriver.Policy.ExtrinsicReward.mean": {
            "value": -1386.986798787117,
            "min": -3688.771628829837,
            "max": 397.89973007142544,
            "count": 34
        },
        "AIDriver.Policy.ExtrinsicReward.sum": {
            "value": -13869.86798787117,
            "min": -36887.71628829837,
            "max": 3978.9973007142544,
            "count": 34
        }
    },
    "metadata": {
        "timer_format_version": "0.1.0",
        "start_time_seconds": "1774812536",
        "python_version": "3.10.12 | packaged by Anaconda, Inc. | (main, Jul  5 2023, 19:01:18) [MSC v.1916 64 bit (AMD64)]",
        "command_line_arguments": "C:\\Users\\John Marble\\.conda\\envs\\mlagents\\Scripts\\mlagents-learn config/CarRacingConfig.yaml --run-id=CarRacing_v7 --initialize-from=CarRacing_v6 --torch-device cuda --resume",
        "mlagents_version": "1.1.0",
        "mlagents_envs_version": "1.1.0",
        "communication_protocol_version": "1.5.0",
        "pytorch_version": "2.2.2+cu121",
        "numpy_version": "1.23.5",
        "end_time_seconds": "1774815157"
    },
    "total": 2620.2897871999303,
    "count": 1,
    "self": 0.009997999877668917,
    "children": {
        "run_training.setup": {
            "total": 0.12216190004255623,
            "count": 1,
            "self": 0.12216190004255623
        },
        "TrainerController.start_learning": {
            "total": 2620.15762730001,
            "count": 1,
            "self": 3.111382597591728,
            "children": {
                "TrainerController._reset_env": {
                    "total": 11.128444500034675,
                    "count": 1,
                    "self": 11.128444500034675
                },
                "TrainerController.advance": {
                    "total": 2605.768625502358,
                    "count": 123084,
                    "self": 3.0030937942210585,
                    "children": {
                        "env_step": {
                            "total": 2131.116253704764,
                            "count": 123084,
                            "self": 1261.0201382017694,
                            "children": {
                                "SubprocessEnvManager._take_step": {
                                    "total": 868.0105203095591,
                                    "count": 123090,
                                    "self": 10.944086605450138,
                                    "children": {
                                        "TorchPolicy.evaluate": {
                                            "total": 857.0664337041089,
                                            "count": 123090,
                                            "self": 857.0664337041089
                                        }
                                    }
                                },
                                "workers": {
                                    "total": 2.085595193435438,
                                    "count": 123084,
                                    "self": 0.0,
                                    "children": {
                                        "worker_root": {
                                            "total": 2464.5545578077435,
                                            "count": 123084,
                                            "is_parallel": true,
                                            "self": 1550.6382792942459,
                                            "children": {
                                                "steps_from_proto": {
                                                    "total": 0.008074000128544867,
                                                    "count": 7,