{
    "name": "root",
    "gauges": {
        "AIDriver.Policy.Entropy.mean": {
            "value": 2.2877745628356934,
            "min": 2.1674880981445312,
            "max": 2.363393783569336,
            "count": 200
        },
        "AIDriver.Policy.Entropy.sum": {
            "value": 23037.888671875,
            "min": 21198.033203125,
            "max": 24311.43359375,
            "count": 200
        },
        "AIDriver.Step.mean": {
            "value": 1999994.0,
            "min": 9984.0,
            "max": 1999994.0,
            "count": 200
        },
        "AIDriver.Step.sum": {
            "value": 1999994.0,
            "min": 9984.0,
            "max": 1999994.0,
            "count": 200
        },
        "AIDriver.Policy.ExtrinsicValueEstimate.mean": {
            "value": 7.726600646972656,
            "min": -302.49664306640625,
            "max": 165.92926025390625,
            "count": 200
        },
        "AIDriver.Policy.ExtrinsicValueEstimate.sum": {
            "value": 1213.0762939453125,
            "min": -47189.4765625,
            "max": 26216.82421875,
            "count": 200
        },
        "AIDriver.IsTraining.mean": {
            "value": 1.0,
            "min": 1.0,
            "max": 1.0,
            "count": 200
        },
        "AIDriver.IsTraining.sum": {
            "value": 1.0,
            "min": 1.0,
            "max": 1.0,
            "count": 200
        },
        "AIDriver.Losses.PolicyLoss.mean": {
            "value": 0.024236869299784303,
            "min": 0.014851980675121012,
            "max": 0.032397662110937135,
            "count": 192
        },
        "AIDriver.Losses.PolicyLoss.sum": {
            "value": 0.024236869299784303,
            "min": 0.014851980675121012,
            "max": 0.032397662110937135,
            "count": 192
        },
        "AIDriver.Losses.ValueLoss.mean": {
            "value": 1430.948368326823,
            "min": 283.1688451131185,
            "max": 10891.942333984374,
            "count": 192
        },
        "AIDriver.Losses.ValueLoss.sum": {
            "value": 1430.948368326823,
            "min": 283.1688451131185,
            "max": 10891.942333984374,
            "count": 192
        },
        "AIDriver.Policy.LearningRate.mean": {
            "value": 1.3113995629000046e-06,
            "min": 1.3113995629000046e-06,
            "max": 0.00029836800054399993,
            "count": 192
        },
        "AIDriver.Policy.LearningRate.sum": {
            "value": 1.3113995629000046e-06,
            "min": 1.3113995629000046e-06,
            "max": 0.00029836800054399993,
            "count": 192
        },
        "AIDriver.Policy.Epsilon.mean": {
            "value": 0.10043710000000003,
            "min": 0.10043710000000003,
            "max": 0.19945599999999994,
            "count": 192
        },
        "AIDriver.Policy.Epsilon.sum": {
            "value": 0.10043710000000003,
            "min": 0.10043710000000003,
            "max": 0.19945599999999994,
            "count": 192
        },
        "AIDriver.Policy.Beta.mean": {
            "value": 3.181129000000008e-05,
            "min": 3.181129000000008e-05,
            "max": 0.004972854400000001,
            "count": 192
        },
        "AIDriver.Policy.Beta.sum": {
            "value": 3.181129000000008e-05,
            "min": 3.181129000000008e-05,
            "max": 0.004972854400000001,
            "count": 192
        },
        "AIDriver.Environment.EpisodeLength.mean": {
            "value": 3999.0,
            "min": 799.0,
            "max": 3999.0,
            "count": 164
        },
        "AIDriver.Environment.EpisodeLength.sum": {
            "value": 3999.0,
            "min": 799.0,
            "max": 39990.0,
            "count": 164
        },
        "AIDriver.Environment.CumulativeReward.mean": {
            "value": 1352.4245566129684,
            "min": -16400.148000001907,
            "max": 12047.288133444265,
            "count": 168
        },
        "AIDriver.Environment.CumulativeReward.sum": {
            "value": 1352.4245566129684,
            "min": -100438.85259306431,
            "max": 24877.78959798813,
            "count": 168
        },
        "AIDriver.Policy.ExtrinsicReward.mean": {
            "value": 1352.4245566129684,
            "min": -16400.148000001907,
            "max": 12047.288133444265,
            "count": 168
        },
        "AIDriver.Policy.ExtrinsicReward.sum": {
            "value": 1352.4245566129684,
            "min": -100438.85259306431,
            "max": 24877.78959798813,
            "count": 168
        }
    },
    "metadata": {
        "timer_format_version": "0.1.0",
        "start_time_seconds": "1775301203",
        "python_version": "3.10.12 | packaged by Anaconda, Inc. | (main, Jul  5 2023, 19:01:18) [MSC v.1916 64 bit (AMD64)]",
        "command_line_arguments": "C:\\Users\\John Marble\\.conda\\envs\\mlagents\\Scripts\\mlagents-learn config/CarRacingConfig.yaml --run-id=CarRacing_NoVectors_v7 --initialize-from=CarRacing_NoVectors_v6 --torch-device cuda --force",
        "mlagents_version": "1.1.0",
        "mlagents_envs_version": "1.1.0",
        "communication_protocol_version": "1.5.0",
        "pytorch_version": "2.2.2+cu121",
        "numpy_version": "1.23.5",
        "end_time_seconds": "1775304566"
    },
    "total": 3363.090452699995,
    "count": 1,
    "self": 0.008263999989139847,
    "children": {
        "run_training.setup": {
            "total": 0.1402576999971643,
            "count": 1,
            "self": 0.1402576999971643
        },
        "TrainerController.start_learning": {
            "total": 3362.9419310000085,
            "count": 1,
            "self": 4.244816299033118,
            "children": {
                "TrainerController._reset_env": {
                    "total": 5.016584800003329,
                    "count": 1,
                    "self": 5.016584800003329
                },
                "TrainerController.advance": {
                    "total": 3353.5648382009676,
                    "count": 200285,
                    "self": 3.5794543992960826,
                    "children": {
                        "env_step": {
                            "total": 2738.6848829000082,
                            "count": 200285,
                            "self": 1617.7806204035878,
                            "children": {
                                "SubprocessEnvManager._take_step": {
                                    "total": 1118.2105185002438,
                                    "count": 200285,
                                    "self": 12.147783202541177,
                                    "children": {
                                        "TorchPolicy.evaluate": {
                                            "total": 1106.0627352977026,
                                            "count": 200038,
                                            "self": 1106.0627352977026
                                        }
                                    }
                                },
                                "workers": {
                                    "total": 2.693743996176636,
                                    "count": 200285,
                                    "self": 0.0,
                                    "children": {
                                        "worker_root": {
                                            "total": 3353.3888594018354,
                                            "count": 200285,
                                            "is_parallel": true,
                                            "self": 1999.0492770991987,
                                            "children": {
                                                "steps_from_proto": {
                                                    "total": 0.0011054000060539693,
                                                    "count": 1,