{
    "name": "root",
    "gauges": {
        "AIDriver.Policy.Entropy.mean": {
            "value": 1.8862824440002441,
            "min": 1.7823115587234497,
            "max": 1.9934667348861694,
            "count": 200
        },
        "AIDriver.Policy.Entropy.sum": {
            "value": 18711.921875,
            "min": 17450.599609375,
            "max": 20413.099609375,
            "count": 200
        },
        "AIDriver.Step.mean": {
            "value": 1999994.0,
            "min": 9984.0,
            "max": 1999994.0,
            "count": 200
        },
        "AIDriver.Step.sum": {
            "value": 1999994.0,
            "min": 9984.0,
            "max": 1999994.0,
            "count": 200
        },
        "AIDriver.Policy.ExtrinsicValueEstimate.mean": {
            "value": -91.8074951171875,
            "min": -248.86325073242188,
            "max": 21.675853729248047,
            "count": 200
        },
        "AIDriver.Policy.ExtrinsicValueEstimate.sum": {
            "value": -14872.814453125,
            "min": -39320.39453125,
            "max": 3381.43310546875,
            "count": 200
        },
        "AIDriver.IsTraining.mean": {
            "value": 1.0,
            "min": 1.0,
            "max": 1.0,
            "count": 200
        },
        "AIDriver.IsTraining.sum": {
            "value": 1.0,
            "min": 1.0,
            "max": 1.0,
            "count": 200
        },
        "AIDriver.Losses.PolicyLoss.mean": {
            "value": 0.024665262730559336,
            "min": 0.01629254932825764,
            "max": 0.03457018837798387,
            "count": 185
        },
        "AIDriver.Losses.PolicyLoss.sum": {
            "value": 0.024665262730559336,
            "min": 0.01629254932825764,
            "max": 0.03457018837798387,
            "count": 185
        },
        "AIDriver.Losses.ValueLoss.mean": {
            "value": 2606.2284627278646,
            "min": 5.256207386652629,
            "max": 21518.366536458332,
            "count": 185
        },
        "AIDriver.Losses.ValueLoss.sum": {
            "value": 2606.2284627278646,
            "min": 5.256207386652629,
            "max": 21518.366536458332,
            "count": 185
        },
        "AIDriver.Policy.LearningRate.mean": {
            "value": 3.465998845000051e-07,
            "min": 3.465998845000051e-07,
            "max": 0.00029836800054399993,
            "count": 185
        },
        "AIDriver.Policy.LearningRate.sum": {
            "value": 3.465998845000051e-07,
            "min": 3.465998845000051e-07,
            "max": 0.00029836800054399993,
            "count": 185
        },
        "AIDriver.Policy.Epsilon.mean": {
            "value": 0.10011549999999997,
            "min": 0.10011549999999997,
            "max": 0.19945599999999994,
            "count": 185
        },
        "AIDriver.Policy.Epsilon.sum": {
            "value": 0.10011549999999997,
            "min": 0.10011549999999997,
            "max": 0.19945599999999994,
            "count": 185
        },
        "AIDriver.Policy.Beta.mean": {
            "value": 1.576345000000008e-05,
            "min": 1.576345000000008e-05,
            "max": 0.004972854400000001,
            "count": 185
        },
        "AIDriver.Policy.Beta.sum": {
            "value": 1.576345000000008e-05,
            "min": 1.576345000000008e-05,
            "max": 0.004972854400000001,
            "count": 185
        },
        "AIDriver.Environment.EpisodeLength.mean": {
            "value": 3999.0,
            "min": 3998.0,
            "max": 3999.0,
            "count": 47
        },
        "AIDriver.Environment.EpisodeLength.sum": {
            "value": 39990.0,
            "min": 39980.0,
            "max": 39990.0,
            "count": 47
        },
        "AIDriver.Environment.CumulativeReward.mean": {
            "value": -486.6211918205023,
            "min": -11408.668720269203,
            "max": -23.984912841022016,
            "count": 61
        },
        "AIDriver.Environment.CumulativeReward.sum": {
            "value": -4866.211918205023,
            "min": -114086.68720269203,
            "max": -239.84912841022015,
            "count": 61
        },
        "AIDriver.Policy.ExtrinsicReward.mean": {
            "value": -486.6211918205023,
            "min": -11408.668720269203,
            "max": -23.984912841022016,
            "count": 61
        },
        "AIDriver.Policy.ExtrinsicReward.sum": {
            "value": -4866.211918205023,
            "min": -114086.68720269203,
            "max": -239.84912841022015,
            "count": 61
        }
    },
    "metadata": {
        "timer_format_version": "0.1.0",
        "start_time_seconds": "1774825054",
        "python_version": "3.10.12 | packaged by Anaconda, Inc. | (main, Jul  5 2023, 19:01:18) [MSC v.1916 64 bit (AMD64)]",
        "command_line_arguments": "C:\\Users\\John Marble\\.conda\\envs\\mlagents\\Scripts\\mlagents-learn config/CarRacingConfig.yaml --run-id=CarRacing_v10 --initialize-from=CarRacing_v9 --torch-device cuda --force",
        "mlagents_version": "1.1.0",
        "mlagents_envs_version": "1.1.0",
        "communication_protocol_version": "1.5.0",
        "pytorch_version": "2.2.2+cu121",
        "numpy_version": "1.23.5",
        "end_time_seconds": "1774829265"
    },
    "total": 4210.790945799905,
    "count": 1,
    "self": 0.024258899851702154,
    "children": {
        "run_training.setup": {
            "total": 0.10101010010112077,
            "count": 1,
            "self": 0.10101010010112077
        },
        "TrainerController.start_learning": {
            "total": 4210.665676799952,
            "count": 1,
            "self": 4.901329821208492,
            "children": {
                "TrainerController._reset_env": {
                    "total": 9.393290500040166,
                    "count": 1,
                    "self": 9.393290500040166
                },
                "TrainerController.advance": {
                    "total": 4196.2418523787055,
                    "count": 200182,
                    "self": 4.7038134802132845,
                    "children": {
                        "env_step": {
                            "total": 3406.5569558894495,
                            "count": 200182,
                            "self": 1940.1814442941686,
                            "children": {
                                "SubprocessEnvManager._take_step": {
                                    "total": 1462.880317392759,
                                    "count": 200189,
                                    "self": 17.228472509072162,
                                    "children": {
                                        "TorchPolicy.evaluate": {
                                            "total": 1445.6518448836869,
                                            "count": 200189,
                                            "self": 1445.6518448836869
                                        }
                                    }
                                },
                                "workers": {
                                    "total": 3.495194202521816,
                                    "count": 200182,
                                    "self": 0.0,
                                    "children": {
                                        "worker_root": {
                                            "total": 4094.3835704212543,
                                            "count": 200182,
                                            "is_parallel": true,
                                            "self": 2598.6530912312446,
                                            "children": {
                                                "steps_from_proto": {
                                                    "total": 0.009303600178100169,
                                                    "count": 8,