wall_time,step,value
1776019379.6599112,51200,0.0002987711923196912
