wall_time,step,value
1775953300.953844,2433744,0.0
1775953348.3361654,2484944,11516.0556640625
1775953399.2607634,2536144,12016.4765625
1775953452.3733191,2587344,11297.96484375
1775953502.9625607,2638544,11785.556640625
1775953547.5607705,2689744,12300.61328125
1775953591.0659802,2740944,12480.8212890625
