wall_time,step,value
1775953300.953844,2433744,0.0
1775953348.3361654,2484944,3838.416748046875
1775953399.2607634,2536144,3919.208251953125
1775953452.3733191,2587344,3946.138916015625
1775953502.9625607,2638544,3959.604248046875
1775953547.5607705,2689744,3968.213134765625
1775953591.0659802,2740944,3973.4384765625
