wall_time,step,value
1776019379.6599112,51200,1237.2880859375
