wall_time,step,value
1775953300.953844,2433744,206332.671875
1775953348.3361654,2484944,41991.68359375
1775953399.2607634,2536144,23034.4609375
1775953452.3733191,2587344,15852.3935546875
1775953502.9625607,2638544,12340.9501953125
1775953547.5607705,2689744,10409.138671875
1775953591.0659802,2740944,9078.7578125
