wall_time,step,value
1775953300.953844,2433744,0.00022729487682227045
1775953348.3361654,2484944,0.00022575887851417065
1775953399.2607634,2536144,0.00022422288020607084
1775953452.3733191,2587344,0.00022268688189797103
1775953502.9625607,2638544,0.00022115088358987123
1775953547.5607705,2689744,0.00021961488528177142
1775953591.0659802,2740944,0.00021807888697367162
