wall_time,step,value
1776019379.6599112,51200,-10495.36328125
