wall_time,step,value
1776019348.2357476,10240,2805.249755859375
1776019356.0413425,20480,1833.153564453125
1776019363.933084,30720,776.5932006835938
1776019371.8378966,40960,595.7064819335938
1776019379.6599112,51200,889.0339965820312
