wall_time,step,value
1776019348.2357476,10240,-0.004660789854824543
1776019356.0408287,20480,-0.0018041966250166297
1776019363.933084,30720,-0.0014431728050112724
1776019371.8378966,40960,-0.0009280515369027853
1776019379.6594057,51200,-0.000897079473361373
