wall_time,step,value
1776019348.2357476,10240,3.513185501098633
1776019356.0413425,20480,3.512324571609497
1776019363.933084,30720,3.51680326461792
1776019371.8378966,40960,3.520998477935791
1776019379.6599112,51200,3.519862174987793
