{
    "name": "root",
    "gauges": {
        "AIDriver.Policy.Entropy.mean": {
            "value": 1.4600458145141602,
            "min": 1.4384667873382568,
            "max": 1.5368798971176147,
            "count": 37
        },
        "AIDriver.Policy.Entropy.sum": {
            "value": 73148.296875,
            "min": 71642.4921875,
            "max": 77205.0078125,
            "count": 37
        },
        "AIDriver.Step.mean": {
            "value": 1849983.0,
            "min": 49920.0,
            "max": 1849983.0,
            "count": 37
        },
        "AIDriver.Step.sum": {
            "value": 1849983.0,
            "min": 49920.0,
            "max": 1849983.0,
            "count": 37
        },
        "AIDriver.Policy.ExtrinsicValueEstimate.mean": {
            "value": 266.6506042480469,
            "min": 139.2666015625,
            "max": 350.7286682128906,
            "count": 37
        },
        "AIDriver.Policy.ExtrinsicValueEstimate.sum": {
            "value": 106926.890625,
            "min": 55706.640625,
            "max": 140291.46875,
            "count": 37
        },
        "AIDriver.Losses.PolicyLoss.mean": {
            "value": 0.024002156266396922,
            "min": 0.02167114580215639,
            "max": 0.027320027589667006,
            "count": 37
        },
        "AIDriver.Losses.PolicyLoss.sum": {
            "value": 0.09600862506558769,
            "min": 0.08668458320862556,
            "max": 0.13660013794833503,
            "count": 37
        },
        "AIDriver.Losses.ValueLoss.mean": {
            "value": 387.06788024902346,
            "min": 191.77912607192997,
            "max": 634.5628074645995,
            "count": 37
        },
        "AIDriver.Losses.ValueLoss.sum": {
            "value": 1548.2715209960938,
            "min": 767.1165042877199,
            "max": 3172.8140373229976,
            "count": 37
        },
        "AIDriver.Policy.LearningRate.mean": {
            "value": 0.00024522292825903,
            "min": 0.00024522292825903,
            "max": 0.00029919360026879995,
            "count": 37
        },
        "AIDriver.Policy.LearningRate.sum": {
            "value": 0.00098089171303612,
            "min": 0.00098089171303612,
            "max": 0.0014886412837862397,
            "count": 37
        },
        "AIDriver.Policy.Epsilon.mean": {
            "value": 0.18174097,
            "min": 0.18174097,
            "max": 0.1997312,
            "count": 37
        },
        "AIDriver.Policy.Epsilon.sum": {
            "value": 0.72696388,
            "min": 0.72696388,
            "max": 0.99621376,
            "count": 37
        },
        "AIDriver.Policy.Beta.mean": {
            "value": 0.004088874403,
            "min": 0.004088874403,
            "max": 0.00498658688,
            "count": 37
        },
        "AIDriver.Policy.Beta.sum": {
            "value": 0.016355497612,
            "min": 0.016355497612,
            "max": 0.024811066624,
            "count": 37
        },
        "AIDriver.Environment.EpisodeLength.mean": {
            "value": 3999.0,
            "min": 3818.9166666666665,
            "max": 3999.0,
            "count": 37
        },
        "AIDriver.Environment.EpisodeLength.sum": {
            "value": 51987.0,
            "min": 45827.0,
            "max": 91977.0,
            "count": 37
        },
        "AIDriver.Environment.CumulativeReward.mean": {
            "value": 8113.9274910413305,
            "min": 1046.8462657531102,
            "max": 13411.823168476423,
            "count": 37
        },
        "AIDriver.Environment.CumulativeReward.sum": {
            "value": 105481.05738353729,
            "min": 12562.155189037323,
            "max": 187867.94480541348,
            "count": 37
        },
        "AIDriver.Policy.ExtrinsicReward.mean": {
            "value": 8113.9274910413305,
            "min": 1046.8462657531102,
            "max": 13411.823168476423,
            "count": 37
        },
        "AIDriver.Policy.ExtrinsicReward.sum": {
            "value": 105481.05738353729,
            "min": 12562.155189037323,
            "max": 187867.94480541348,
            "count": 37
        },
        "AIDriver.IsTraining.mean": {
            "value": 1.0,
            "min": 1.0,
            "max": 1.0,
            "count": 37
        },
        "AIDriver.IsTraining.sum": {
            "value": 1.0,
            "min": 1.0,
            "max": 1.0,
            "count": 37
        }
    },
    "metadata": {
        "timer_format_version": "0.1.0",
        "start_time_seconds": "1775901100",
        "python_version": "3.10.12 | packaged by Anaconda, Inc. | (main, Jul  5 2023, 19:01:18) [MSC v.1916 64 bit (AMD64)]",
        "command_line_arguments": "C:\\Users\\John Marble\\.conda\\envs\\mlagents\\Scripts\\mlagents-learn config/CarRacingConfig.yaml --run-id=CarRacing_v2 --initialize-from=CarRacing_v1 --torch-device cuda",
        "mlagents_version": "1.1.0",
        "mlagents_envs_version": "1.1.0",
        "communication_protocol_version": "1.5.0",
        "pytorch_version": "2.2.2+cu121",
        "numpy_version": "1.23.5",
        "end_time_seconds": "1775904886"
    },
    "total": 3786.041067000013,
    "count": 1,
    "self": 0.00626559997908771,
    "children": {
        "run_training.setup": {
            "total": 0.11529840005096048,
            "count": 1,
            "self": 0.11529840005096048
        },
        "TrainerController.start_learning": {
            "total": 3785.919502999983,
            "count": 1,
            "self": 4.071056038956158,
            "children": {
                "TrainerController._reset_env": {
                    "total": 24.57619990000967,
                    "count": 1,
                    "self": 24.57619990000967
                },
                "TrainerController.advance": {
                    "total": 3757.1215405610856,
                    "count": 157688,
                    "self": 3.698549357475713,
                    "children": {
                        "env_step": {
                            "total": 2779.8535985708004,
                            "count": 157688,
                            "self": 1516.3578692275332,
                            "children": {
                                "SubprocessEnvManager._take_step": {
                                    "total": 1260.9033630072372,
                                    "count": 157688,
                                    "self": 14.24704115150962,
                                    "children": {
                                        "TorchPolicy.evaluate": {
                                            "total": 1246.6563218557276,
                                            "count": 157644,
                                            "self": 1246.6563218557276
                                        }
                                    }
                                },
                                "workers": {
                                    "total": 2.5923663360299543,
                                    "count": 157687,
                                    "self": 0.0,
                                    "children": {
                                        "worker_root": {
                                            "total": 3753.4743568091653,
                                            "count": 157687,
                                            "is_parallel": true,
                                            "self": 2512.9357700854307,
                                            "children": {
                                                "steps_from_proto": {
                                                    "total": 0.0010411000112071633,
                                                    "count": 1,
                                                    "is_parallel": true,
                                                    "self": 0.00025240005925297737,