{
    "name": "root",
    "gauges": {
        "AIDriver.Policy.Entropy.mean": {
            "value": 1.9216041564941406,
            "min": 1.7122644186019897,
            "max": 1.958772897720337,
            "count": 54
        },
        "AIDriver.Policy.Entropy.sum": {
            "value": 19677.2265625,
            "min": 17533.587890625,
            "max": 20057.833984375,
            "count": 54
        },
        "AIDriver.Step.mean": {
            "value": 539968.0,
            "min": 9984.0,
            "max": 539968.0,
            "count": 54
        },
        "AIDriver.Step.sum": {
            "value": 539968.0,
            "min": 9984.0,
            "max": 539968.0,
            "count": 54
        },
        "AIDriver.Policy.ExtrinsicValueEstimate.mean": {
            "value": -50.540306091308594,
            "min": -302.3298034667969,
            "max": 26.348058700561523,
            "count": 54
        },
        "AIDriver.Policy.ExtrinsicValueEstimate.sum": {
            "value": -7884.28759765625,
            "min": -47465.77734375,
            "max": 4242.03759765625,
            "count": 54
        },
        "AIDriver.IsTraining.mean": {
            "value": 1.0,
            "min": 1.0,
            "max": 1.0,
            "count": 54
        },
        "AIDriver.IsTraining.sum": {
            "value": 1.0,
            "min": 1.0,
            "max": 1.0,
            "count": 54
        },
        "AIDriver.Losses.PolicyLoss.mean": {
            "value": 0.026082935086257444,
            "min": 0.018463563412660734,
            "max": 0.03367523512570188,
            "count": 50
        },
        "AIDriver.Losses.PolicyLoss.sum": {
            "value": 0.026082935086257444,
            "min": 0.018463563412660734,
            "max": 0.03367523512570188,
            "count": 50
        },
        "AIDriver.Losses.ValueLoss.mean": {
            "value": 5106.594913736979,
            "min": 7.434283749262492,
            "max": 27552.917578125,
            "count": 50
        },
        "AIDriver.Losses.ValueLoss.sum": {
            "value": 5106.594913736979,
            "min": 7.434283749262492,
            "max": 27552.917578125,
            "count": 50
        },
        "AIDriver.Policy.LearningRate.mean": {
            "value": 0.00021902402699199998,
            "min": 0.00021902402699199998,
            "max": 0.00029836800054399993,
            "count": 50
        },
        "AIDriver.Policy.LearningRate.sum": {
            "value": 0.00021902402699199998,
            "min": 0.00021902402699199998,
            "max": 0.00029836800054399993,
            "count": 50
        },
        "AIDriver.Policy.Epsilon.mean": {
            "value": 0.17300800000000002,
            "min": 0.17300800000000002,
            "max": 0.19945599999999994,
            "count": 50
        },
        "AIDriver.Policy.Epsilon.sum": {
            "value": 0.17300800000000002,
            "min": 0.17300800000000002,
            "max": 0.19945599999999994,
            "count": 50
        },
        "AIDriver.Policy.Beta.mean": {
            "value": 0.0036530992,
            "min": 0.0036530992,
            "max": 0.004972854400000001,
            "count": 50
        },
        "AIDriver.Policy.Beta.sum": {
            "value": 0.0036530992,
            "min": 0.0036530992,
            "max": 0.004972854400000001,
            "count": 50
        },
        "AIDriver.Environment.EpisodeLength.mean": {
            "value": 3999.0,
            "min": 3999.0,
            "max": 3999.0,
            "count": 13
        },
        "AIDriver.Environment.EpisodeLength.sum": {
            "value": 39990.0,
            "min": 39990.0,
            "max": 39990.0,
            "count": 13
        },
        "AIDriver.Environment.CumulativeReward.mean": {
            "value": -2975.8154621124268,
            "min": -19405.690984467667,
            "max": 9.05461311340332,
            "count": 26
        },
        "AIDriver.Environment.CumulativeReward.sum": {
            "value": -2975.8154621124268,
            "min": -174651.218860209,
            "max": 9.05461311340332,
            "count": 26
        },
        "AIDriver.Policy.ExtrinsicReward.mean": {
            "value": -2975.8154621124268,
            "min": -19405.690984467667,
            "max": 9.05461311340332,
            "count": 26
        },
        "AIDriver.Policy.ExtrinsicReward.sum": {
            "value": -2975.8154621124268,
            "min": -174651.218860209,
            "max": 9.05461311340332,
            "count": 26
        }
    },
    "metadata": {
        "timer_format_version": "0.1.0",
        "start_time_seconds": "1775167447",
        "python_version": "3.10.12 | packaged by Anaconda, Inc. | (main, Jul  5 2023, 19:01:18) [MSC v.1916 64 bit (AMD64)]",
        "command_line_arguments": "C:\\Users\\John Marble\\.conda\\envs\\mlagents\\Scripts\\mlagents-learn config/CarRacingConfig.yaml --run-id=CarRacing_v5 --initialize-from=CarRacing_v10 --torch-device cuda --force",
        "mlagents_version": "1.1.0",
        "mlagents_envs_version": "1.1.0",
        "communication_protocol_version": "1.5.0",
        "pytorch_version": "2.2.2+cu121",
        "numpy_version": "1.23.5",
        "end_time_seconds": "1775168541"
    },
    "total": 1093.4071261999998,
    "count": 1,
    "self": 0.005565099992963951,
    "children": {
        "run_training.setup": {
            "total": 0.09844090000115102,
            "count": 1,
            "self": 0.09844090000115102
        },
        "TrainerController.start_learning": {
            "total": 1093.3031202000057,
            "count": 1,
            "self": 1.3087011993993656,
            "children": {
                "TrainerController._reset_env": {
                    "total": 14.814897600001132,
                    "count": 1,
                    "self": 14.814897600001132
                },
                "TrainerController.advance": {
                    "total": 1077.0729134006033,
                    "count": 54513,
                    "self": 1.3001564022706589,
                    "children": {
                        "env_step": {
                            "total": 874.0102005988228,
                            "count": 54513,
                            "self": 487.9018262985919,
                            "children": {
                                "SubprocessEnvManager._take_step": {
                                    "total": 385.18654950011114,
                                    "count": 54513,
                                    "self": 4.497212200061767,
                                    "children": {
                                        "TorchPolicy.evaluate": {
                                            "total": 380.6893373000494,
                                            "count": 54513,
                                            "self": 380.6893373000494
                                        }
                                    }
                                },
                                "workers": {
                                    "total": 0.9218248001197935,
                                    "count": 54512,
                                    "self": 0.0,
                                    "children": {
                                        "worker_root": {
                                            "total": 1077.883238299888,
                                            "count": 54512,
                                            "is_parallel": true,
                                            "self": 680.1420457000277,
                                            "children": {
                                                "steps_from_proto": {
                                                    "total": 0.0010748999993666075,
                                                    "count": 1,
                                                    "is_parallel": true,