{"count":1,"self":1117.7767936,"total":7935.8448654999993,"children":{"InitializeActuators":{"count":12,"self":0.0020158,"total":0.0020158,"children":null},"InitializeSensors":{"count":12,"self":0.0030039999999999997,"total":0.0030039999999999997,"children":null},"AgentSendState":{"count":1750268,"self":218.632576,"total":315.8750996,"children":{"CollectObservations":{"count":4200648,"self":7.9796944,"total":7.9796941,"children":null},"WriteActionMask":{"count":4200648,"self":2.077731,"total":2.077731,"children":null},"RequestDecision":{"count":4200648,"self":7.8313679999999994,"total":87.1851089,"children":{"AgentInfo.ToProto":{"count":4200648,"self":6.7088459999999994,"total":79.353740899999991,"children":{"GenerateSensorData":{"count":4200648,"self":60.084191999999994,"total":72.6448948,"children":{"RayPerceptionSensor.Perceive":{"count":8401296,"self":12.5607024,"total":12.5607021,"children":null}}}}}}}}},"DecideAction":{"count":1750268,"self":6414.2508032,"total":6414.2509749,"children":null},"AgentAct":{"count":1750268,"self":87.8918784,"total":87.909860299999991,"children":{"AgentInfo.ToProto":{"count":833,"self":0.0010165,"total":0.0179837,"children":{"GenerateSensorData":{"count":833,"self":0.0124126,"total":0.016967199999999998,"children":{"RayPerceptionSensor.Perceive":{"count":1666,"self":0.0045546,"total":0.0045546,"children":null}}}}}}},"AgentInfo.ToProto":{"count":569,"self":0.0035283,"total":0.026031199999999997,"children":{"GenerateSensorData":{"count":569,"self":0.017959299999999997,"total":0.0225029,"children":{"RayPerceptionSensor.Perceive":{"count":1138,"self":0.0045436,"total":0.0045436,"children":null}}}}}},"gauges":{"AI Driver.CumulativeReward":{"count":1402,"max":15461.79,"min":-6697.82959,"runningAverage":3639.22681,"value":2110.152,"weightedAverage":3947.45239}},"metadata":{"timer_format_version":"0.1.0","start_time_seconds":"1775852815","unity_version":"6000.3.8f1","command_line_arguments":"C:\\Program Files\\Unity\\Hub\\Editor\\6000.3.8f1\\Editor\\Unity.exe -projectpath D:\\Projects\\3D AI Racing -acceptSoftwareTermsForThisRunOnly -useHub -hubIPC -cloudEnvironment production","communication_protocol_version":"1.5.0","com.unity.ml-agents_version":"4.0.2","scene_name":"TrainningScene","end_time_seconds":"1775860751"}}