{"count":1,"self":827.1858176,"total":2759.9996886999998,"children":{"InitializeActuators":{"count":12,"self":0.0010161,"total":0.0010161,"children":null},"InitializeSensors":{"count":12,"self":0.004012,"total":0.004012,"children":null},"AgentSendState":{"count":1292351,"self":169.81523199999998,"total":247.97260789999999,"children":{"CollectObservations":{"count":3101652,"self":6.7080876,"total":6.7080877,"children":null},"WriteActionMask":{"count":3101652,"self":1.5892271,"total":1.5892271,"children":null},"RequestDecision":{"count":3101652,"self":6.3630603999999993,"total":69.8600625,"children":{"AgentInfo.ToProto":{"count":3101652,"self":5.0905163999999994,"total":63.497001999999995,"children":{"GenerateSensorData":{"count":3101652,"self":49.399932799999995,"total":58.4064857,"children":{"RayPerceptionSensor.Perceive":{"count":6203304,"self":9.006552,"total":9.0065519,"children":null}}}}}}}}},"DecideAction":{"count":1292351,"self":1627.5060736,"total":1627.5060434,"children":null},"AgentAct":{"count":1292351,"self":57.30992,"total":57.3256641,"children":{"AgentInfo.ToProto":{"count":714,"self":0.0015168999999999998,"total":0.0157464,"children":{"GenerateSensorData":{"count":714,"self":0.013719199999999999,"total":0.014229499999999999,"children":{"RayPerceptionSensor.Perceive":{"count":1428,"self":0.0005103,"total":0.0005103,"children":null}}}}}}},"AgentInfo.ToProto":{"count":127,"self":0.001,"total":0.0045263,"children":{"GenerateSensorData":{"count":127,"self":0.0025258,"total":0.0035263,"children":{"RayPerceptionSensor.Perceive":{"count":254,"self":0.0010004999999999999,"total":0.0010004999999999999,"children":null}}}}}},"gauges":{"AI Driver.CumulativeReward":{"count":841,"max":23026.8867,"min":-22021.61,"runningAverage":10017.0762,"value":20165.8926,"weightedAverage":9313.862}},"metadata":{"timer_format_version":"0.1.0","start_time_seconds":"1775953774","unity_version":"6000.3.8f1","command_line_arguments":"C:\\Program Files\\Unity\\Hub\\Editor\\6000.3.8f1\\Editor\\Unity.exe -projectpath D:\\Projects\\3D AI Racing -acceptSoftwareTermsForThisRunOnly -useHub -hubIPC -cloudEnvironment production","communication_protocol_version":"1.5.0","com.unity.ml-agents_version":"4.0.2","scene_name":"TrainningScene","end_time_seconds":"1775956534"}}