{
    "name": "root",
    "gauges": {
        "AIDriver.Policy.Entropy.mean": {
            "value": 1.3395445346832275,
            "min": 1.3182713985443115,
            "max": 1.749137043952942,
            "count": 164
        },
        "AIDriver.Policy.Entropy.sum": {
            "value": 66355.6796875,
            "min": 65301.89453125,
            "max": 87757.703125,
            "count": 164
        },
        "AIDriver.Step.mean": {
            "value": 9999905.0,
            "min": 1849963.0,
            "max": 9999905.0,
            "count": 164
        },
        "AIDriver.Step.sum": {
            "value": 9999905.0,
            "min": 1849963.0,
            "max": 9999905.0,
            "count": 164
        },
        "AIDriver.Policy.ExtrinsicValueEstimate.mean": {
            "value": 498.6543884277344,
            "min": 147.99761962890625,
            "max": 533.990966796875,
            "count": 164
        },
        "AIDriver.Policy.ExtrinsicValueEstimate.sum": {
            "value": 199461.75,
            "min": 59199.046875,
            "max": 213596.375,
            "count": 164
        },
        "AIDriver.Losses.PolicyLoss.mean": {
            "value": 0.02131481966942374,
            "min": 0.018665304487027846,
            "max": 0.028008890125829564,
            "count": 164
        },
        "AIDriver.Losses.PolicyLoss.sum": {
            "value": 0.1065740983471187,
            "min": 0.05599591346108354,
            "max": 0.13646003885305616,
            "count": 164
        },
        "AIDriver.Losses.ValueLoss.mean": {
            "value": 645.8182248687743,
            "min": 180.23359596252442,
            "max": 1099.2764584350584,
            "count": 164
        },
        "AIDriver.Losses.ValueLoss.sum": {
            "value": 3229.091124343872,
            "min": 901.1679798126221,
            "max": 5496.382292175293,
            "count": 164
        },
        "AIDriver.Policy.LearningRate.mean": {
            "value": 8.322457226180047e-07,
            "min": 8.322457226180047e-07,
            "max": 0.00024501884832705666,
            "count": 164
        },
        "AIDriver.Policy.LearningRate.sum": {
            "value": 4.161228613090023e-06,
            "min": 4.161228613090023e-06,
            "max": 0.00121860870379713,
            "count": 164
        },
        "AIDriver.Policy.Epsilon.mean": {
            "value": 0.100277382,
            "min": 0.100277382,
            "max": 0.18167294333333336,
            "count": 164
        },
        "AIDriver.Policy.Epsilon.sum": {
            "value": 0.50138691,
            "min": 0.40306211999999997,
            "max": 0.9062028700000001,
            "count": 164
        },
        "AIDriver.Policy.Beta.mean": {
            "value": 2.3841361800000083e-05,
            "min": 2.3841361800000083e-05,
            "max": 0.0040854798723333335,
            "count": 164
        },
        "AIDriver.Policy.Beta.sum": {
            "value": 0.00011920680900000041,
            "min": 0.00011920680900000041,
            "max": 0.020319523213,
            "count": 164
        },
        "AIDriver.Environment.EpisodeLength.mean": {
            "value": 3764.8571428571427,
            "min": 1083.0,
            "max": 3999.0,
            "count": 164
        },
        "AIDriver.Environment.EpisodeLength.sum": {
            "value": 52708.0,
            "min": 1083.0,
            "max": 86507.0,
            "count": 164
        },
        "AIDriver.Environment.CumulativeReward.mean": {
            "value": 17865.41701233387,
            "min": 2541.946907043457,
            "max": 20571.64688646226,
            "count": 164
        },
        "AIDriver.Environment.CumulativeReward.sum": {
            "value": 250115.83817267418,
            "min": 2541.946907043457,
            "max": 432004.5846157074,
            "count": 164
        },
        "AIDriver.Policy.ExtrinsicReward.mean": {
            "value": 17865.41701233387,
            "min": 2541.946907043457,
            "max": 20571.64688646226,
            "count": 164
        },
        "AIDriver.Policy.ExtrinsicReward.sum": {
            "value": 250115.83817267418,
            "min": 2541.946907043457,
            "max": 432004.5846157074,
            "count": 164
        },
        "AIDriver.IsTraining.mean": {
            "value": 1.0,
            "min": 1.0,
            "max": 1.0,
            "count": 164
        },
        "AIDriver.IsTraining.sum": {
            "value": 1.0,
            "min": 1.0,
            "max": 1.0,
            "count": 164
        }
    },
    "metadata": {
        "timer_format_version": "0.1.0",
        "start_time_seconds": "1775870656",
        "python_version": "3.10.12 | packaged by Anaconda, Inc. | (main, Jul  5 2023, 19:01:18) [MSC v.1916 64 bit (AMD64)]",
        "command_line_arguments": "C:\\Users\\John Marble\\.conda\\envs\\mlagents\\Scripts\\mlagents-learn config/CarRacingConfig.yaml --run-id=CarRacing_v1 --torch-device cuda --resume",
        "mlagents_version": "1.1.0",
        "mlagents_envs_version": "1.1.0",
        "communication_protocol_version": "1.5.0",
        "pytorch_version": "2.2.2+cu121",
        "numpy_version": "1.23.5",
        "end_time_seconds": "1775884962"
    },
    "total": 14306.05400600005,
    "count": 1,
    "self": 0.009662299999035895,
    "children": {
        "run_training.setup": {
            "total": 0.12232260010205209,
            "count": 1,
            "self": 0.12232260010205209
        },
        "TrainerController.start_learning": {
            "total": 14305.922021099948,
            "count": 1,
            "self": 14.483688107226044,
            "children": {
                "TrainerController._reset_env": {
                    "total": 24.49775960005354,
                    "count": 1,
                    "self": 24.49775960005354
                },
                "TrainerController.advance": {
                    "total": 14266.807920392603,
                    "count": 683091,
                    "self": 13.451167018036358,
                    "children": {
                        "env_step": {
                            "total": 10932.202094725217,
                            "count": 683091,
                            "self": 5846.622320004273,
                            "children": {
                                "SubprocessEnvManager._take_step": {
                                    "total": 5075.80367210228,
                                    "count": 683091,
                                    "self": 50.999201467609964,
                                    "children": {
                                        "TorchPolicy.evaluate": {
                                            "total": 5024.80447063467,
                                            "count": 682432,
                                            "self": 5024.80447063467
                                        }
                                    }
                                },
                                "workers": {
                                    "total": 9.776102618663572,
                                    "count": 683091,
                                    "self": 0.0,
                                    "children": {
                                        "worker_root": {
                                            "total": 14262.55529905192,
                                            "count": 683091,
                                            "is_parallel": true,
                                            "self": 9417.956459672889,
                                            "children": {
                                                "steps_from_proto": {
                                                    "total": 0.0009447999764233828,
                                                    "count": 1,
                                                    "is_parallel": true,