{
    "name": "root",
    "gauges": {
        "AIDriver.Policy.Entropy.mean": {
            "value": 1.7710230350494385,
            "min": 1.6477973461151123,
            "max": 1.8994662761688232,
            "count": 146
        },
        "AIDriver.Policy.Entropy.sum": {
            "value": 18135.275390625,
            "min": 15818.8544921875,
            "max": 19450.53515625,
            "count": 146
        },
        "AIDriver.Step.mean": {
            "value": 1999970.0,
            "min": 549996.0,
            "max": 1999970.0,
            "count": 146
        },
        "AIDriver.Step.sum": {
            "value": 1999970.0,
            "min": 549996.0,
            "max": 1999970.0,
            "count": 146
        },
        "AIDriver.Policy.ExtrinsicValueEstimate.mean": {
            "value": -2.819683790206909,
            "min": -175.80889892578125,
            "max": 12.112112045288086,
            "count": 146
        },
        "AIDriver.Policy.ExtrinsicValueEstimate.sum": {
            "value": -439.87066650390625,
            "min": -27601.99609375,
            "max": 1889.489501953125,
            "count": 146
        },
        "AIDriver.IsTraining.mean": {
            "value": 1.0,
            "min": 1.0,
            "max": 1.0,
            "count": 146
        },
        "AIDriver.IsTraining.sum": {
            "value": 1.0,
            "min": 1.0,
            "max": 1.0,
            "count": 146
        },
        "AIDriver.Losses.PolicyLoss.mean": {
            "value": 0.022610469278879462,
            "min": 0.016098605236038566,
            "max": 0.03325921597424895,
            "count": 135
        },
        "AIDriver.Losses.PolicyLoss.sum": {
            "value": 0.022610469278879462,
            "min": 0.016098605236038566,
            "max": 0.03325921597424895,
            "count": 135
        },
        "AIDriver.Losses.ValueLoss.mean": {
            "value": 128.51062444051107,
            "min": 1.7080400347709657,
            "max": 4579.331038411458,
            "count": 135
        },
        "AIDriver.Losses.ValueLoss.sum": {
            "value": 128.51062444051107,
            "min": 1.7080400347709657,
            "max": 4579.331038411458,
            "count": 135
        },
        "AIDriver.Policy.LearningRate.mean": {
            "value": 2.44599918500003e-07,
            "min": 2.44599918500003e-07,
            "max": 0.000217251027583,
            "count": 135
        },
        "AIDriver.Policy.LearningRate.sum": {
            "value": 2.44599918500003e-07,
            "min": 2.44599918500003e-07,
            "max": 0.000217251027583,
            "count": 135
        },
        "AIDriver.Policy.Epsilon.mean": {
            "value": 0.10008149999999999,
            "min": 0.10008149999999999,
            "max": 0.17241700000000001,
            "count": 135
        },
        "AIDriver.Policy.Epsilon.sum": {
            "value": 0.10008149999999999,
            "min": 0.10008149999999999,
            "max": 0.17241700000000001,
            "count": 135
        },
        "AIDriver.Policy.Beta.mean": {
            "value": 1.406685000000005e-05,
            "min": 1.406685000000005e-05,
            "max": 0.0036236082999999996,
            "count": 135
        },
        "AIDriver.Policy.Beta.sum": {
            "value": 1.406685000000005e-05,
            "min": 1.406685000000005e-05,
            "max": 0.0036236082999999996,
            "count": 135
        },
        "AIDriver.Environment.EpisodeLength.mean": {
            "value": 3998.0,
            "min": 3998.0,
            "max": 3999.0,
            "count": 35
        },
        "AIDriver.Environment.EpisodeLength.sum": {
            "value": 39980.0,
            "min": 39980.0,
            "max": 39990.0,
            "count": 35
        },
        "AIDriver.Environment.CumulativeReward.mean": {
            "value": -2323.1885345965625,
            "min": -2323.1885345965625,
            "max": 393.36117591261865,
            "count": 35
        },
        "AIDriver.Environment.CumulativeReward.sum": {
            "value": -23231.885345965624,
            "min": -23231.885345965624,
            "max": 3933.6117591261864,
            "count": 35
        },
        "AIDriver.Policy.ExtrinsicReward.mean": {
            "value": -2323.1885345965625,
            "min": -2323.1885345965625,
            "max": 393.36117591261865,
            "count": 35
        },
        "AIDriver.Policy.ExtrinsicReward.sum": {
            "value": -23231.885345965624,
            "min": -23231.885345965624,
            "max": 3933.6117591261864,
            "count": 35
        }
    },
    "metadata": {
        "timer_format_version": "0.1.0",
        "start_time_seconds": "1774817618",
        "python_version": "3.10.12 | packaged by Anaconda, Inc. | (main, Jul  5 2023, 19:01:18) [MSC v.1916 64 bit (AMD64)]",
        "command_line_arguments": "C:\\Users\\John Marble\\.conda\\envs\\mlagents\\Scripts\\mlagents-learn config/CarRacingConfig.yaml --run-id=CarRacing_v8 --initialize-from=CarRacing_v7 --torch-device cuda --resume",
        "mlagents_version": "1.1.0",
        "mlagents_envs_version": "1.1.0",
        "communication_protocol_version": "1.5.0",
        "pytorch_version": "2.2.2+cu121",
        "numpy_version": "1.23.5",
        "end_time_seconds": "1774820453"
    },
    "total": 2835.876108299941,
    "count": 1,
    "self": 0.013478500070050359,
    "children": {
        "run_training.setup": {
            "total": 0.11726009997073561,
            "count": 1,
            "self": 0.11726009997073561
        },
        "TrainerController.start_learning": {
            "total": 2835.7453696999,
            "count": 1,
            "self": 3.5248589999973774,
            "children": {
                "TrainerController._reset_env": {
                    "total": 8.260285599972121,
                    "count": 1,
                    "self": 8.260285599972121
                },
                "TrainerController.advance": {
                    "total": 2823.823196100071,
                    "count": 145988,
                    "self": 3.372714555938728,
                    "children": {
                        "env_step": {
                            "total": 2272.311658201157,
                            "count": 145988,
                            "self": 1296.0893873142777,
                            "children": {
                                "SubprocessEnvManager._take_step": {
                                    "total": 973.7966822660528,
                                    "count": 145989,
                                    "self": 11.703540266840719,
                                    "children": {
                                        "TorchPolicy.evaluate": {
                                            "total": 962.0931419992121,
                                            "count": 145989,
                                            "self": 962.0931419992121
                                        }
                                    }
                                },
                                "workers": {
                                    "total": 2.425588620826602,
                                    "count": 145988,
                                    "self": 0.0,
                                    "children": {
                                        "worker_root": {
                                            "total": 2808.0146743985824,
                                            "count": 145988,
                                            "is_parallel": true,
                                            "self": 1768.7350107176462,
                                            "children": {
                                                "steps_from_proto": {
                                                    "total": 0.0019890000112354755,
                                                    "count": 2,