{
    "name": "root",
    "gauges": {
        "AIDriver.Policy.Entropy.mean": {
            "value": 2.2282655239105225,
            "min": 2.149083375930786,
            "max": 2.265537738800049,
            "count": 200
        },
        "AIDriver.Policy.Entropy.sum": {
            "value": 22817.439453125,
            "min": 20717.177734375,
            "max": 23625.09375,
            "count": 200
        },
        "AIDriver.Step.mean": {
            "value": 1999990.0,
            "min": 9984.0,
            "max": 1999990.0,
            "count": 200
        },
        "AIDriver.Step.sum": {
            "value": 1999990.0,
            "min": 9984.0,
            "max": 1999990.0,
            "count": 200
        },
        "AIDriver.Policy.ExtrinsicValueEstimate.mean": {
            "value": -65.3261489868164,
            "min": -104.07072448730469,
            "max": -13.188650131225586,
            "count": 200
        },
        "AIDriver.Policy.ExtrinsicValueEstimate.sum": {
            "value": -10256.205078125,
            "min": -16339.103515625,
            "max": -2057.429443359375,
            "count": 200
        },
        "AIDriver.IsTraining.mean": {
            "value": 1.0,
            "min": 1.0,
            "max": 1.0,
            "count": 200
        },
        "AIDriver.IsTraining.sum": {
            "value": 1.0,
            "min": 1.0,
            "max": 1.0,
            "count": 200
        },
        "AIDriver.Losses.PolicyLoss.mean": {
            "value": 0.02218490911182016,
            "min": 0.01602756814318127,
            "max": 0.03562977448261032,
            "count": 185
        },
        "AIDriver.Losses.PolicyLoss.sum": {
            "value": 0.02218490911182016,
            "min": 0.01602756814318127,
            "max": 0.03562977448261032,
            "count": 185
        },
        "AIDriver.Losses.ValueLoss.mean": {
            "value": 67.25184745788575,
            "min": 7.253521124521892,
            "max": 370.8028116861979,
            "count": 185
        },
        "AIDriver.Losses.ValueLoss.sum": {
            "value": 67.25184745788575,
            "min": 7.253521124521892,
            "max": 370.8028116861979,
            "count": 185
        },
        "AIDriver.Policy.LearningRate.mean": {
            "value": 4.3359985550000876e-07,
            "min": 4.3359985550000876e-07,
            "max": 0.00029836800054399993,
            "count": 185
        },
        "AIDriver.Policy.LearningRate.sum": {
            "value": 4.3359985550000876e-07,
            "min": 4.3359985550000876e-07,
            "max": 0.00029836800054399993,
            "count": 185
        },
        "AIDriver.Policy.Epsilon.mean": {
            "value": 0.10014449999999998,
            "min": 0.10014449999999998,
            "max": 0.19945599999999994,
            "count": 185
        },
        "AIDriver.Policy.Epsilon.sum": {
            "value": 0.10014449999999998,
            "min": 0.10014449999999998,
            "max": 0.19945599999999994,
            "count": 185
        },
        "AIDriver.Policy.Beta.mean": {
            "value": 1.721055000000015e-05,
            "min": 1.721055000000015e-05,
            "max": 0.004972854400000001,
            "count": 185
        },
        "AIDriver.Policy.Beta.sum": {
            "value": 1.721055000000015e-05,
            "min": 1.721055000000015e-05,
            "max": 0.004972854400000001,
            "count": 185
        },
        "AIDriver.Environment.EpisodeLength.mean": {
            "value": 3999.0,
            "min": 3998.0,
            "max": 3999.0,
            "count": 49
        },
        "AIDriver.Environment.EpisodeLength.sum": {
            "value": 39990.0,
            "min": 39980.0,
            "max": 39990.0,
            "count": 49
        },
        "AIDriver.Environment.CumulativeReward.mean": {
            "value": -1600.3626137822866,
            "min": -13949.149626374245,
            "max": -294.0245243906975,
            "count": 84
        },
        "AIDriver.Environment.CumulativeReward.sum": {
            "value": -16003.626137822866,
            "min": -32121.69843389094,
            "max": -294.0245243906975,
            "count": 84
        },
        "AIDriver.Policy.ExtrinsicReward.mean": {
            "value": -1600.3626137822866,
            "min": -13949.149626374245,
            "max": -294.0245243906975,
            "count": 84
        },
        "AIDriver.Policy.ExtrinsicReward.sum": {
            "value": -16003.626137822866,
            "min": -32121.69843389094,
            "max": -294.0245243906975,
            "count": 84
        }
    },
    "metadata": {
        "timer_format_version": "0.1.0",
        "start_time_seconds": "1775244845",
        "python_version": "3.10.12 | packaged by Anaconda, Inc. | (main, Jul  5 2023, 19:01:18) [MSC v.1916 64 bit (AMD64)]",
        "command_line_arguments": "C:\\Users\\John Marble\\.conda\\envs\\mlagents\\Scripts\\mlagents-learn config/CarRacingConfig.yaml --run-id=CarRacing_NoVectors_v3 --initialize-from=CarRacing_NoVectors_v2 --torch-device cuda --force",
        "mlagents_version": "1.1.0",
        "mlagents_envs_version": "1.1.0",
        "communication_protocol_version": "1.5.0",
        "pytorch_version": "2.2.2+cu121",
        "numpy_version": "1.23.5",
        "end_time_seconds": "1775248905"
    },
    "total": 4060.2697075000033,
    "count": 1,
    "self": 0.012986800007638521,
    "children": {
        "run_training.setup": {
            "total": 0.10051240000757389,
            "count": 1,
            "self": 0.10051240000757389
        },
        "TrainerController.start_learning": {
            "total": 4060.156208299988,
            "count": 1,
            "self": 5.088046503558871,
            "children": {
                "TrainerController._reset_env": {
                    "total": 7.196228499989957,
                    "count": 1,
                    "self": 7.196228499989957
                },
                "TrainerController.advance": {
                    "total": 4047.7359658964415,
                    "count": 200061,
                    "self": 5.040212194871856,
                    "children": {
                        "env_step": {
                            "total": 3290.218131305548,
                            "count": 200061,
                            "self": 1854.0435118071327,
                            "children": {
                                "SubprocessEnvManager._take_step": {
                                    "total": 1432.6831444994314,
                                    "count": 200062,
                                    "self": 17.17230039711285,
                                    "children": {
                                        "TorchPolicy.evaluate": {
                                            "total": 1415.5108441023185,
                                            "count": 200062,
                                            "self": 1415.5108441023185
                                        }
                                    }
                                },
                                "workers": {
                                    "total": 3.491474998983904,
                                    "count": 200061,
                                    "self": 0.0,
                                    "children": {
                                        "worker_root": {
                                            "total": 4034.0751986987743,
                                            "count": 200061,
                                            "is_parallel": true,
                                            "self": 2530.895406397525,
                                            "children": {
                                                "steps_from_proto": {
                                                    "total": 0.0020447999995667487,
                                                    "count": 2,