{
    "name": "root",
    "gauges": {
        "AIDriver.Policy.Entropy.mean": {
            "value": 1.703675627708435,
            "min": 1.6798406839370728,
            "max": 1.9306936264038086,
            "count": 200
        },
        "AIDriver.Policy.Entropy.sum": {
            "value": 16934.53515625,
            "min": 16362.5439453125,
            "max": 19862.5234375,
            "count": 200
        },
        "AIDriver.Step.mean": {
            "value": 1999939.0,
            "min": 9955.0,
            "max": 1999939.0,
            "count": 200
        },
        "AIDriver.Step.sum": {
            "value": 1999939.0,
            "min": 9955.0,
            "max": 1999939.0,
            "count": 200
        },
        "AIDriver.Policy.ExtrinsicValueEstimate.mean": {
            "value": 31.166175842285156,
            "min": -101.47566986083984,
            "max": 45.151947021484375,
            "count": 200
        },
        "AIDriver.Policy.ExtrinsicValueEstimate.sum": {
            "value": 4924.255859375,
            "min": -15830.205078125,
            "max": 7134.0078125,
            "count": 200
        },
        "AIDriver.Environment.EpisodeLength.mean": {
            "value": 2811.75,
            "min": 308.0,
            "max": 3999.0,
            "count": 164
        },
        "AIDriver.Environment.EpisodeLength.sum": {
            "value": 11247.0,
            "min": 308.0,
            "max": 40956.0,
            "count": 164
        },
        "AIDriver.Environment.CumulativeReward.mean": {
            "value": 927.8615018129349,
            "min": -6805.3024344444275,
            "max": 2278.9073676930534,
            "count": 164
        },
        "AIDriver.Environment.CumulativeReward.sum": {
            "value": 3711.4460072517395,
            "min": -33455.842368364334,
            "max": 21471.172459959984,
            "count": 164
        },
        "AIDriver.Policy.ExtrinsicReward.mean": {
            "value": 927.8615018129349,
            "min": -6805.3024344444275,
            "max": 2278.9073676930534,
            "count": 164
        },
        "AIDriver.Policy.ExtrinsicReward.sum": {
            "value": 3711.4460072517395,
            "min": -33455.842368364334,
            "max": 21471.172459959984,
            "count": 164
        },
        "AIDriver.IsTraining.mean": {
            "value": 1.0,
            "min": 1.0,
            "max": 1.0,
            "count": 200
        },
        "AIDriver.IsTraining.sum": {
            "value": 1.0,
            "min": 1.0,
            "max": 1.0,
            "count": 200
        },
        "AIDriver.Losses.PolicyLoss.mean": {
            "value": 0.021262841842447717,
            "min": 0.01614245627376173,
            "max": 0.03742886578353743,
            "count": 193
        },
        "AIDriver.Losses.PolicyLoss.sum": {
            "value": 0.021262841842447717,
            "min": 0.01614245627376173,
            "max": 0.03742886578353743,
            "count": 193
        },
        "AIDriver.Losses.ValueLoss.mean": {
            "value": 49.475484720865886,
            "min": 10.04024871190389,
            "max": 7289.739111328125,
            "count": 193
        },
        "AIDriver.Losses.ValueLoss.sum": {
            "value": 49.475484720865886,
            "min": 10.04024871190389,
            "max": 7289.739111328125,
            "count": 193
        },
        "AIDriver.Policy.LearningRate.mean": {
            "value": 5.712998096000051e-07,
            "min": 5.712998096000051e-07,
            "max": 0.00029846340051220007,
            "count": 193
        },
        "AIDriver.Policy.LearningRate.sum": {
            "value": 5.712998096000051e-07,
            "min": 5.712998096000051e-07,
            "max": 0.00029846340051220007,
            "count": 193
        },
        "AIDriver.Policy.Epsilon.mean": {
            "value": 0.10019039999999997,
            "min": 0.10019039999999997,
            "max": 0.19948780000000002,
            "count": 193
        },
        "AIDriver.Policy.Epsilon.sum": {
            "value": 0.10019039999999997,
            "min": 0.10019039999999997,
            "max": 0.19948780000000002,
            "count": 193
        },
        "AIDriver.Policy.Beta.mean": {
            "value": 1.9500960000000084e-05,
            "min": 1.9500960000000084e-05,
            "max": 0.004974441220000001,
            "count": 193
        },
        "AIDriver.Policy.Beta.sum": {
            "value": 1.9500960000000084e-05,
            "min": 1.9500960000000084e-05,
            "max": 0.004974441220000001,
            "count": 193
        }
    },
    "metadata": {
        "timer_format_version": "0.1.0",
        "start_time_seconds": "1774805888",
        "python_version": "3.10.12 | packaged by Anaconda, Inc. | (main, Jul  5 2023, 19:01:18) [MSC v.1916 64 bit (AMD64)]",
        "command_line_arguments": "C:\\Users\\John Marble\\.conda\\envs\\mlagents\\Scripts\\mlagents-learn config/CarRacingConfig.yaml --run-id=CarRacing_v6 --initialize-from=CarRacing_v5 --torch-device cuda --force",
        "mlagents_version": "1.1.0",
        "mlagents_envs_version": "1.1.0",
        "communication_protocol_version": "1.5.0",
        "pytorch_version": "2.2.2+cu121",
        "numpy_version": "1.23.5",
        "end_time_seconds": "1774810094"
    },
    "total": 4205.976022499963,
    "count": 1,
    "self": 0.013545699999667704,
    "children": {
        "run_training.setup": {
            "total": 0.1103490999666974,
            "count": 1,
            "self": 0.1103490999666974
        },
        "TrainerController.start_learning": {
            "total": 4205.852127699996,
            "count": 1,
            "self": 5.336421074229293,
            "children": {
                "TrainerController._reset_env": {
                    "total": 7.7183581999270245,
                    "count": 1,
                    "self": 7.7183581999270245
                },
                "TrainerController.advance": {
                    "total": 4192.666304625804,
                    "count": 200497,
                    "self": 5.167772266780958,
                    "children": {
                        "env_step": {
                            "total": 3386.592921861331,
                            "count": 200497,
                            "self": 1989.529215317918,
                            "children": {
                                "SubprocessEnvManager._take_step": {
                                    "total": 1393.4583955255803,
                                    "count": 200504,
                                    "self": 18.956328730564564,
                                    "children": {
                                        "TorchPolicy.evaluate": {
                                            "total": 1374.5020667950157,
                                            "count": 200260,
                                            "self": 1374.5020667950157
                                        }
                                    }
                                },
                                "workers": {
                                    "total": 3.605311017832719,
                                    "count": 200497,
                                    "self": 0.0,
                                    "children": {
                                        "worker_root": {
                                            "total": 4070.2261086869985,
                                            "count": 200497,
                                            "is_parallel": true,
                                            "self": 2560.0850322996266,
                                            "children": {
                                                "steps_from_proto": {
                                                    "total": 0.010335999890230596,
                                                    "count": 8,