{
    "name": "root",
    "gauges": {
        "AIDriver.Policy.Entropy.mean": {
            "value": 1.9592907428741455,
            "min": 1.6484445333480835,
            "max": 1.975583791732788,
            "count": 200
        },
        "AIDriver.Policy.Entropy.sum": {
            "value": 20063.13671875,
            "min": 16880.072265625,
            "max": 20583.126953125,
            "count": 200
        },
        "AIDriver.Step.mean": {
            "value": 1999970.0,
            "min": 9984.0,
            "max": 1999970.0,
            "count": 200
        },
        "AIDriver.Step.sum": {
            "value": 1999970.0,
            "min": 9984.0,
            "max": 1999970.0,
            "count": 200
        },
        "AIDriver.Policy.ExtrinsicValueEstimate.mean": {
            "value": 11.761137008666992,
            "min": -315.4280090332031,
            "max": 11.761137008666992,
            "count": 200
        },
        "AIDriver.Policy.ExtrinsicValueEstimate.sum": {
            "value": 1834.7373046875,
            "min": -49522.1953125,
            "max": 1834.7373046875,
            "count": 200
        },
        "AIDriver.IsTraining.mean": {
            "value": 1.0,
            "min": 1.0,
            "max": 1.0,
            "count": 200
        },
        "AIDriver.IsTraining.sum": {
            "value": 1.0,
            "min": 1.0,
            "max": 1.0,
            "count": 200
        },
        "AIDriver.Losses.PolicyLoss.mean": {
            "value": 0.01700913264260938,
            "min": 0.014268379262648522,
            "max": 0.03299788479295482,
            "count": 185
        },
        "AIDriver.Losses.PolicyLoss.sum": {
            "value": 0.01700913264260938,
            "min": 0.014268379262648522,
            "max": 0.03299788479295482,
            "count": 185
        },
        "AIDriver.Losses.ValueLoss.mean": {
            "value": 20.367907778422037,
            "min": 8.841841220855713,
            "max": 9987.398209635418,
            "count": 185
        },
        "AIDriver.Losses.ValueLoss.sum": {
            "value": 20.367907778422037,
            "min": 8.841841220855713,
            "max": 9987.398209635418,
            "count": 185
        },
        "AIDriver.Policy.LearningRate.mean": {
            "value": 3.8859987050001396e-07,
            "min": 3.8859987050001396e-07,
            "max": 0.00029836800054399993,
            "count": 185
        },
        "AIDriver.Policy.LearningRate.sum": {
            "value": 3.8859987050001396e-07,
            "min": 3.8859987050001396e-07,
            "max": 0.00029836800054399993,
            "count": 185
        },
        "AIDriver.Policy.Epsilon.mean": {
            "value": 0.10012950000000001,
            "min": 0.10012950000000001,
            "max": 0.19945599999999994,
            "count": 185
        },
        "AIDriver.Policy.Epsilon.sum": {
            "value": 0.10012950000000001,
            "min": 0.10012950000000001,
            "max": 0.19945599999999994,
            "count": 185
        },
        "AIDriver.Policy.Beta.mean": {
            "value": 1.6462050000000237e-05,
            "min": 1.6462050000000237e-05,
            "max": 0.004972854400000001,
            "count": 185
        },
        "AIDriver.Policy.Beta.sum": {
            "value": 1.6462050000000237e-05,
            "min": 1.6462050000000237e-05,
            "max": 0.004972854400000001,
            "count": 185
        },
        "AIDriver.Environment.EpisodeLength.mean": {
            "value": 3999.0,
            "min": 3998.0,
            "max": 3999.0,
            "count": 48
        },
        "AIDriver.Environment.EpisodeLength.sum": {
            "value": 39990.0,
            "min": 39980.0,
            "max": 39990.0,
            "count": 48
        },
        "AIDriver.Environment.CumulativeReward.mean": {
            "value": -3043.5457693520934,
            "min": -22531.390117645264,
            "max": 10.882912635803223,
            "count": 65
        },
        "AIDriver.Environment.CumulativeReward.sum": {
            "value": -30435.457693520933,
            "min": -202782.51105880737,
            "max": 10.882912635803223,
            "count": 65
        },
        "AIDriver.Policy.ExtrinsicReward.mean": {
            "value": -3043.5457693520934,
            "min": -22531.390117645264,
            "max": 10.882912635803223,
            "count": 65
        },
        "AIDriver.Policy.ExtrinsicReward.sum": {
            "value": -30435.457693520933,
            "min": -202782.51105880737,
            "max": 10.882912635803223,
            "count": 65
        }
    },
    "metadata": {
        "timer_format_version": "0.1.0",
        "start_time_seconds": "1774820501",
        "python_version": "3.10.12 | packaged by Anaconda, Inc. | (main, Jul  5 2023, 19:01:18) [MSC v.1916 64 bit (AMD64)]",
        "command_line_arguments": "C:\\Users\\John Marble\\.conda\\envs\\mlagents\\Scripts\\mlagents-learn config/CarRacingConfig.yaml --run-id=CarRacing_v9 --initialize-from=CarRacing_v8 --torch-device cuda --force",
        "mlagents_version": "1.1.0",
        "mlagents_envs_version": "1.1.0",
        "communication_protocol_version": "1.5.0",
        "pytorch_version": "2.2.2+cu121",
        "numpy_version": "1.23.5",
        "end_time_seconds": "1774824868"
    },
    "total": 4367.003908800078,
    "count": 1,
    "self": 0.012125100125558674,
    "children": {
        "run_training.setup": {
            "total": 0.10409829998388886,
            "count": 1,
            "self": 0.10409829998388886
        },
        "TrainerController.start_learning": {
            "total": 4366.887685399968,
            "count": 1,
            "self": 5.394747880054638,
            "children": {
                "TrainerController._reset_env": {
                    "total": 8.003862499957904,
                    "count": 1,
                    "self": 8.003862499957904
                },
                "TrainerController.advance": {
                    "total": 4353.348881819984,
                    "count": 200184,
                    "self": 4.998839616077021,
                    "children": {
                        "env_step": {
                            "total": 3538.870914090425,
                            "count": 200184,
                            "self": 1992.2462528789183,
                            "children": {
                                "SubprocessEnvManager._take_step": {
                                    "total": 1543.144838707056,
                                    "count": 200187,
                                    "self": 18.504226905410178,
                                    "children": {
                                        "TorchPolicy.evaluate": {
                                            "total": 1524.6406118016457,
                                            "count": 200187,
                                            "self": 1524.6406118016457
                                        }
                                    }
                                },
                                "workers": {
                                    "total": 3.479822504450567,
                                    "count": 200184,
                                    "self": 0.0,
                                    "children": {
                                        "worker_root": {
                                            "total": 4300.156446080888,
                                            "count": 200184,
                                            "is_parallel": true,
                                            "self": 2724.7753740688786,
                                            "children": {
                                                "steps_from_proto": {
                                                    "total": 0.004805399919860065,
                                                    "count": 4,